director_name,actor_1_name,actor_2_name,actor_3_name,genres,movie_title,comb
Gerard Johnstone,Allison Williams,Violet McGraw,Amie Donald,Science Fiction Horror,m3gan,Allison Williams Violet McGraw Amie Donald Gerard Johnstone Science Fiction Horror
Brett Donowho,Nicolas Cage,Ryan Kiera Armstrong,unknown,Western Drama,the old way,Nicolas Cage Ryan Kiera Armstrong unknown Brett Donowho Western Drama
Nathan Frankowski,Alice Orr-Ewing,Joe Doyle,Eveline Hall,Horror Fantasy Science Fiction Thriller,the devil conspiracy,Alice Orr-Ewing Joe Doyle Eveline Hall Nathan Frankowski Horror Fantasy Science Fiction Thriller
Jean-François Richet,Gerard Butler,Mike Colter,Yoson An,Action,plane,Gerard Butler Mike Colter Yoson An Jean-François Richet Action
Calmatic,Tosin Cole,Jacob Latimore,Karen Obilom,Comedy,house party,Tosin Cole Jacob Latimore Karen Obilom Calmatic Comedy
John Hyams,Gideon Adlon,Bethlehem Million,Marc Menchaca,Horror Thriller Mystery,sick,Gideon Adlon Bethlehem Million Marc Menchaca John Hyams Horror Thriller Mystery
Sarah Adina Smith,Anna Konkle,Jermaine Fowler,Jillian Bell,Drama Crime,the drop,Anna Konkle Jermaine Fowler Jillian Bell Sarah Adina Smith Drama Crime
Stephen Herek,Rob Lowe,Johnny Berchtold,Kimberly Williams-Paisley,Family Adventure Drama,dog gone,Rob Lowe Johnny Berchtold Kimberly Williams-Paisley Stephen Herek Family Adventure Drama
Roxanne Benjamin,Alisha Wainwright,Zach Gilford,Amanda Crew,Horror Mystery Thriller,there's something wrong with the children,Alisha Wainwright Zach Gilford Amanda Crew Roxanne Benjamin Horror Mystery Thriller
"Nick Johnson, Will Merrick (directors/screenplay); Storm Reid, Joaquim de Almeida, Ken Leung, Amy Landecker, Daniel Henney, Nia Long",Storm Reid,Joaquim de Almeida,Ken Leung,Thriller Mystery Drama,missing,"Storm Reid Joaquim de Almeida Ken Leung Nick Johnson, Will Merrick (directors/screenplay); Storm Reid, Joaquim de Almeida, Ken Leung, Amy Landecker, Daniel Henney, Nia Long Thriller Mystery Drama"
Florian Zeller,Hugh Jackman,Laura Dern,Vanessa Kirby,Drama,the son,Hugh Jackman Laura Dern Vanessa Kirby Florian Zeller Drama
Jesse Eisenberg,Julianne Moore,Finn Wolfhard,Alisha Boe,Drama Comedy,when you finish saving the world,Julianne Moore Finn Wolfhard Alisha Boe Jesse Eisenberg Drama Comedy
Edward John Drake,Bruce Willis,unknown,unknown,Action Crime Thriller,detective knight: independence,Bruce Willis unknown unknown Edward John Drake Action Crime Thriller
Jason Eisener,Dominic Mariche,Phoebe Rex,Calem MacDonald,Science Fiction Horror Action,kids vs. aliens,Dominic Mariche Phoebe Rex Calem MacDonald Jason Eisener Science Fiction Horror Action
Russell Mulcahy,Tyler Posey,Crystal Reed,Tyler Hoechlin,Action Fantasy TV Movie,teen wolf: the movie,Tyler Posey Crystal Reed Tyler Hoechlin Russell Mulcahy Action Fantasy TV Movie
Kenya Barris,Jonah Hill,Lauren London,David Duchovny,Romance Comedy,you people,Jonah Hill Lauren London David Duchovny Kenya Barris Romance Comedy
Jason Moore,Jennifer Lopez,Josh Duhamel,Sônia Braga,Action Comedy Romance,shotgun wedding,Jennifer Lopez Josh Duhamel Sônia Braga Jason Moore Action Comedy Romance
Michael Jacobs,Diane Keaton,Richard Gere,Susan Sarandon,Comedy Romance Drama,maybe i do,Diane Keaton Richard Gere Susan Sarandon Michael Jacobs Comedy Romance Drama
Cecilia Miniucchi,Danny Huston,Radha Mitchell,Bob Odenkirk,Comedy Drama Romance,life upside down,Danny Huston Radha Mitchell Bob Odenkirk Cecilia Miniucchi Comedy Drama Romance
Deon Taylor,Joseph Sikora,King Bach,Annie Ilonzeh,Horror Drama,fear,Joseph Sikora King Bach Annie Ilonzeh Deon Taylor Horror Drama
M. Night Shyamalan,Dave Bautista,Jonathan Groff,Ben Aldridge,Thriller Mystery Horror,knock at the cabin,Dave Bautista Jonathan Groff Ben Aldridge M. Night Shyamalan Thriller Mystery Horror
Kyle Marvin,Lily Tomlin,Jane Fonda,Rita Moreno,Comedy Drama,80 for brady,Lily Tomlin Jane Fonda Rita Moreno Kyle Marvin Comedy Drama
Nicolas Harvard,Ryan Phillippe,Kate Bosworth,Ving Rhames,Mystery Thriller Action Crime Drama,the locksmith,Ryan Phillippe Kate Bosworth Ving Rhames Nicolas Harvard Mystery Thriller Action Crime Drama
Bess Wohl,Noémie Merlant,Kit Harington,Meredith Hagner,Horror Thriller Drama,baby ruby,Noémie Merlant Kit Harington Meredith Hagner Bess Wohl Horror Thriller Drama
Brett Smith,Gerran Howell,RJ Cyler,Ewen Bremner,Drama History War,freedom's path,Gerran Howell RJ Cyler Ewen Bremner Brett Smith Drama History War
Chris Soriano,Chris Soriano,Christine S. Chang,Hillary Soriano,Romance Comedy,the wedding hustler,Chris Soriano Christine S. Chang Hillary Soriano Chris Soriano Romance Comedy
Steven Soderbergh,Channing Tatum,Salma Hayek Pinault,unknown,Comedy Drama Romance,magic mike's last dance,Channing Tatum Salma Hayek Pinault unknown Steven Soderbergh Comedy Drama Romance
Benjamin Caron,Julianne Moore,Sebastian Stan,Justice Smith,Thriller Crime Drama,sharper,Julianne Moore Sebastian Stan Justice Smith Benjamin Caron Thriller Crime Drama
Aline Brosh McKenna,Reese Witherspoon,Ashton Kutcher,Jesse Williams,Romance Comedy,your place or mine,Reese Witherspoon Ashton Kutcher Jesse Williams Aline Brosh McKenna Romance Comedy
Dave Franco,Alison Brie,Jay Ellis,Kiersey Clemons,Romance Comedy Drama,somebody i used to know,Alison Brie Jay Ellis Kiersey Clemons Dave Franco Romance Comedy Drama
Christopher Smith,Jena Malone,Danny Huston,Janet Suzman,Horror Thriller,consecration,Jena Malone Danny Huston Janet Suzman Christopher Smith Horror Thriller
Robbie Banfitch,Robbie Banfitch,Angela Basolis,Scott Schamell,Horror Science Fiction Thriller,the outwaters,Robbie Banfitch Angela Basolis Scott Schamell Robbie Banfitch Horror Science Fiction Thriller
Peyton Reed,Paul Rudd,Evangeline Lilly,Jonathan Majors,Action Adventure Science Fiction,ant-man and the wasp: quantumania,Paul Rudd Evangeline Lilly Jonathan Majors Peyton Reed Action Adventure Science Fiction
Elizabeth Banks,Keri Russell,O'Shea Jackson Jr.,Christian Convery,Thriller Comedy Crime,cocaine bear,Keri Russell O'Shea Jackson Jr. Christian Convery Elizabeth Banks Thriller Comedy Crime
Christopher Landon,David Harbour,Anthony Mackie,Jahi Di'Allo Winston,Comedy Fantasy Family Adventure Horror,we have a ghost,David Harbour Anthony Mackie Jahi Di'Allo Winston Christopher Landon Comedy Fantasy Family Adventure Horror
Jamie Payne,Idris Elba,Cynthia Erivo,Andy Serkis,Crime Mystery Thriller,luther: the fallen sun,Idris Elba Cynthia Erivo Andy Serkis Jamie Payne Crime Mystery Thriller
"Jon Erwin, Brent McCorkle",Joel Courtney,Anna Grace Barlow,Jonathan Roumie,Drama History,jesus revolution,"Joel Courtney Anna Grace Barlow Jonathan Roumie Jon Erwin, Brent McCorkle Drama History"
Miles Warren,Trevante Rhodes,Jalyn Hall,Shinelle Azoroh,Drama,bruiser,Trevante Rhodes Jalyn Hall Shinelle Azoroh Miles Warren Drama
Colin West,Jim Gaffigan,Rhea Seehorn,Katelyn Nacon,Science Fiction Comedy Drama,linoleum,Jim Gaffigan Rhea Seehorn Katelyn Nacon Colin West Science Fiction Comedy Drama
Daniel Antebi,Ben Groh,Dion Costelloe,Liz Caribel Sierra,Comedy Drama,god's time,Ben Groh Dion Costelloe Liz Caribel Sierra Daniel Antebi Comedy Drama
Michael B. Jordan,Michael B. Jordan,Tessa Thompson,Jonathan Majors,Drama Action,creed iii,Michael B. Jordan Tessa Thompson Jonathan Majors Michael B. Jordan Drama Action
Guy Ritchie,Jason Statham,Aubrey Plaza,Josh Hartnett,Action Thriller Comedy Adventure,operation fortune: ruse de guerre,Jason Statham Aubrey Plaza Josh Hartnett Guy Ritchie Action Thriller Comedy Adventure
Michael Maren,Michael Shannon,Kate Hudson,Don Johnson,Comedy,a little white lie,Michael Shannon Kate Hudson Don Johnson Michael Maren Comedy
Kurt Wimmer,Elena Kampouris,Kate Moyer,Callan Mulvey,Horror Thriller,children of the corn,Elena Kampouris Kate Moyer Callan Mulvey Kurt Wimmer Horror Thriller
Jamie Dack,Lily McInerny,Jonathan Tucker,Gretchen Mol,Drama,palm trees and power lines,Lily McInerny Jonathan Tucker Gretchen Mol Jamie Dack Drama
Alex Heller,Alex Heller,J. Smith-Cameron,Steve Buscemi,Comedy Drama,the year between,Alex Heller J. Smith-Cameron Steve Buscemi Alex Heller Comedy Drama
Yoko Okumura,Midori Francis,Jolene Purdy,Missi Pyle,Thriller Horror Mystery,unseen,Midori Francis Jolene Purdy Missi Pyle Yoko Okumura Thriller Horror Mystery
J. Horton,Rachel Amanda Bryant,Al Gomez,Gregory Blair,Crime Horror Thriller,craving,Rachel Amanda Bryant Al Gomez Gregory Blair J. Horton Crime Horror Thriller
"Matt Bettinelli-Olpin, Tyler Gillett",Melissa Barrera,Jasmin Savoy Brown,Jack Champion,Horror Crime Thriller,scream vi,"Melissa Barrera Jasmin Savoy Brown Jack Champion Matt Bettinelli-Olpin, Tyler Gillett Horror Crime Thriller"
"Scott Beck, Bryan Woods",Adam Driver,Ariana Greenblatt,Chloe Coleman,Science Fiction Action Thriller,65,"Adam Driver Ariana Greenblatt Chloe Coleman Scott Beck, Bryan Woods Science Fiction Action Thriller"
Bobby Farrelly,Woody Harrelson,Kaitlin Olson,Ernie Hudson,Comedy Drama,champions,Woody Harrelson Kaitlin Olson Ernie Hudson Bobby Farrelly Comedy Drama
Jingyi Shao,Bloom Li,Ben Wang,Dexter Darden,Family Comedy Drama,chang can dunk,Bloom Li Ben Wang Dexter Darden Jingyi Shao Family Comedy Drama
Jeffrey A. Smith,Max Ehrich,Katelyn Nacon,J. Alphonse Nicholson,History Drama Music,southern gospel,Max Ehrich Katelyn Nacon J. Alphonse Nicholson Jeffrey A. Smith History Drama Music
David F. Sandberg,Zachary Levi,Asher Angel,Jack Dylan Grazer,Comedy Action Fantasy,shazam! fury of the gods,Zachary Levi Asher Angel Jack Dylan Grazer David F. Sandberg Comedy Action Fantasy
Matt Ruskin,Keira Knightley,Carrie Coon,Alessandro Nivola,Crime Mystery Thriller,boston strangler,Keira Knightley Carrie Coon Alessandro Nivola Matt Ruskin Crime Mystery Thriller
Wendy Rogers,Noah Jupe,Benedict Wong,Sian Clifford,Animation Adventure Family Fantasy Comedy,the magician's elephant,Noah Jupe Benedict Wong Sian Clifford Wendy Rogers Animation Adventure Family Fantasy Comedy
Paul Weitz,Jane Fonda,Lily Tomlin,Malcolm McDowell,Comedy Drama,moving on,Jane Fonda Lily Tomlin Malcolm McDowell Paul Weitz Comedy Drama
Matt Smukler,Kiernan Shipka,Dash Mihok,Charlie Plummer,Comedy Drama,wildflower,Kiernan Shipka Dash Mihok Charlie Plummer Matt Smukler Comedy Drama
Herbert James Winterstern,Skeet Ulrich,Anne Heche,Daniel Diemer,Action Drama,supercell,Skeet Ulrich Anne Heche Daniel Diemer Herbert James Winterstern Action Drama
"The Bragg Brothers (directors/screenplay); Mike Faist, Crystal Reed, Dennis Boutsikaris",Mike Faist,Crystal Reed,Dennis Boutsikaris,Comedy Drama History Romance,pinball: the man who saved the game,"Mike Faist Crystal Reed Dennis Boutsikaris The Bragg Brothers (directors/screenplay); Mike Faist, Crystal Reed, Dennis Boutsikaris Comedy Drama History Romance"
Chad Stahelski,Keanu Reeves,Donnie Yen,Bill Skarsgård,Action Thriller Crime,john wick: chapter 4,Keanu Reeves Donnie Yen Bill Skarsgård Chad Stahelski Action Thriller Crime
Zach Braff,Florence Pugh,Molly Shannon,Chinaza Uche,Drama Comedy,a good person,Florence Pugh Molly Shannon Chinaza Uche Zach Braff Drama Comedy
Jordan Ross,Garrett Hedlund,Noah Schnapp,Victoria Justice,Mystery Thriller Action,the tutor,Garrett Hedlund Noah Schnapp Victoria Justice Jordan Ross Mystery Thriller Action
Tanel Toom,Kate Bosworth,Thomas Kretschmann,Lucien Laviscount,Science Fiction Thriller,last sentinel,Kate Bosworth Thomas Kretschmann Lucien Laviscount Tanel Toom Science Fiction Thriller
Jacob Byrd,Sydney Carvill,Wade Baker Janet Carter,Rob Shuster,Horror Mystery Drama,adalynn,Sydney Carvill Wade Baker Janet Carter Rob Shuster Jacob Byrd Horror Mystery Drama
"John Francis Daley, Jonathan Goldstein (directors/screenplay); Michael Gilio (screenplay); Chris Pine, Michelle Rodriguez, Regé-Jean Page, Justice Smith, Sophia Lillis, Hugh Grant",Chris Pine,Michelle Rodriguez,Regé-Jean Page,Adventure Fantasy Comedy,dungeons & dragons: honor among thieves,"Chris Pine Michelle Rodriguez Regé-Jean Page John Francis Daley, Jonathan Goldstein (directors/screenplay); Michael Gilio (screenplay); Chris Pine, Michelle Rodriguez, Regé-Jean Page, Justice Smith, Sophia Lillis, Hugh Grant Adventure Fantasy Comedy"
Jeremy Garelick,Adam Sandler,Jennifer Aniston,Mélanie Laurent,Mystery Comedy Crime,murder mystery 2,Adam Sandler Jennifer Aniston Mélanie Laurent Jeremy Garelick Mystery Comedy Crime
Jon S. Baird,Taron Egerton,Nikita Efremov,Sofia Lebedeva,Thriller History Drama,tetris,Taron Egerton Nikita Efremov Sofia Lebedeva Jon S. Baird Thriller History Drama
Timothy Scott Bogart,Jeremy Jordan,Wiz Khalifa,Jason Isaacs,Music Drama,spinning gold,Jeremy Jordan Wiz Khalifa Jason Isaacs Timothy Scott Bogart Music Drama
Kyra Sedgwick,Kyle Allen,Alexandra Shipp,Madeline Brewer,Comedy Romance Science Fiction Drama,space oddity,Kyle Allen Alexandra Shipp Madeline Brewer Kyra Sedgwick Comedy Romance Science Fiction Drama
A.V. Rockwell,Teyana Taylor,Will Catlett,Josiah Cross,Drama Crime,a thousand and one,Teyana Taylor Will Catlett Josiah Cross A.V. Rockwell Drama Crime
Jesse Atlas,Nomzamo Mbatha,Dominic Purcell,Bruce Willis,Action Thriller Science Fiction Crime,assassin,Nomzamo Mbatha Dominic Purcell Bruce Willis Jesse Atlas Action Thriller Science Fiction Crime
Alex Lehmann,Thomas Haden Church,Dianna Agron,unknown,Drama,acidman,Thomas Haden Church Dianna Agron unknown Alex Lehmann Drama
Anthony DiBlasi,Jessica Sula,Candice Coke,Chaney Morrow,Horror,malum,Jessica Sula Candice Coke Chaney Morrow Anthony DiBlasi Horror
Eddie McClintock,Eddie McClintock,Dean Cain,Daniel Roebuck,Family,miracle at manchester,Eddie McClintock Dean Cain Daniel Roebuck Eddie McClintock Family
"Aaron Horvath, Michael Jelenic",Chris Pratt,Anya Taylor-Joy,Charlie Day,Animation Family Adventure Fantasy Comedy,the super mario bros. movie,"Chris Pratt Anya Taylor-Joy Charlie Day Aaron Horvath, Michael Jelenic Animation Family Adventure Fantasy Comedy"
Ben Affleck,Matt Damon,Ben Affleck,Jason Bateman,Drama,air,Matt Damon Ben Affleck Jason Bateman Ben Affleck Drama
Tina Gordon Chism,Chloe Bailey,Anjelika Washington,Philip Fornah,Music Romance Comedy,praise this,Chloe Bailey Anjelika Washington Philip Fornah Tina Gordon Chism Music Romance Comedy
Kelly Reichardt,Michelle Williams,Hong Chau,Maryann Plunkett,Comedy Drama,showing up,Michelle Williams Hong Chau Maryann Plunkett Kelly Reichardt Comedy Drama
Brit McAdams,Owen Wilson,Michaela Watkins,Wendi McLendon-Covey,Comedy Drama Romance,paint,Owen Wilson Michaela Watkins Wendi McLendon-Covey Brit McAdams Comedy Drama Romance
Sean McNamara,Dennis Quaid,Heather Graham,Jesse Metcalfe,Drama,on a wing and a prayer,Dennis Quaid Heather Graham Jesse Metcalfe Sean McNamara Drama
Jonás Cuarón,Demián Bichir,Christian Slater,Evan Whitten,Adventure Fantasy Family,chupa,Demián Bichir Christian Slater Evan Whitten Jonás Cuarón Adventure Fantasy Family
Daniel Goldhaber,Ariela Barer,Kristine Froseth,Lukas Gage,Crime Drama Thriller,how to blow up a pipeline,Ariela Barer Kristine Froseth Lukas Gage Daniel Goldhaber Crime Drama Thriller
Andy Fickman,Phillipa Soo,Simu Liu,Luke Bracey,Romance Drama Comedy,one true loves,Phillipa Soo Simu Liu Luke Bracey Andy Fickman Romance Drama Comedy
Roger Kumble,Dylan Sprouse,Virginia Gardner,Austin North,Romance Drama Comedy,beautiful disaster,Dylan Sprouse Virginia Gardner Austin North Roger Kumble Romance Drama Comedy
Chris McKay,Nicholas Hoult,Nicolas Cage,Awkwafina,Comedy Horror,renfield,Nicholas Hoult Nicolas Cage Awkwafina Chris McKay Comedy Horror
Ari Aster,Joaquin Phoenix,Patti LuPone,Nathan Lane,Comedy Adventure Fantasy,beau is afraid,Joaquin Phoenix Patti LuPone Nathan Lane Ari Aster Comedy Adventure Fantasy
Julius Avery,Russell Crowe,Alex Essoe,Daniel Zovatto,Horror Thriller,the pope's exorcist,Russell Crowe Alex Essoe Daniel Zovatto Julius Avery Horror Thriller
Catherine Hardwicke,Toni Collette,Monica Bellucci,Sophia Nomvete,Comedy Crime Action,mafia mamma,Toni Collette Monica Bellucci Sophia Nomvete Catherine Hardwicke Comedy Crime Action
Martin Guigui,Everett Osborne,Cary Elwes,Jeremy Piven,Western Thriller,sweetwater,Everett Osborne Cary Elwes Jeremy Piven Martin Guigui Western Thriller
Chuck Konzelman and Cary Solomon,Sean Patrick Flanery,Jordan Belfi,unknown,Horror Thriller,nefarious,Sean Patrick Flanery Jordan Belfi unknown Chuck Konzelman and Cary Solomon Horror Thriller
Katie Holmes,Julie Mayorga,Katie Holmes,Derek Luke,Drama,rare objects,Julie Mayorga Katie Holmes Derek Luke Katie Holmes Drama
Kevin Heffernan,Jay Chandrasekhar,Kevin Heffernan,Steve Lemme,Comedy Drama,quasi,Jay Chandrasekhar Kevin Heffernan Steve Lemme Kevin Heffernan Comedy Drama
Lee Cronin,Lily Sullivan,Alyssa Sutherland,Morgan Davies,Horror Thriller,evil dead rise,Lily Sullivan Alyssa Sutherland Morgan Davies Lee Cronin Horror Thriller
Guy Ritchie,Jake Gyllenhaal,Dar Salim,Antony Starr,War Action Thriller,guy ritchie's the covenant,Jake Gyllenhaal Dar Salim Antony Starr Guy Ritchie War Action Thriller
Dexter Fletcher,Chris Evans,Ana de Armas,Adrien Brody,Action Comedy Romance,ghosted,Chris Evans Ana de Armas Adrien Brody Dexter Fletcher Action Comedy Romance
Stephen Williams,Kelvin Harrison Jr.,Samara Weaving,Lucy Boynton,Music Drama History,chevalier,Kelvin Harrison Jr. Samara Weaving Lucy Boynton Stephen Williams Music Drama History
Ray Romano,Ray Romano,Laurie Metcalf,Jacob Ward,Comedy Drama,somewhere in queens,Ray Romano Laurie Metcalf Jacob Ward Ray Romano Comedy Drama
Benjamin Millepied,Melissa Barrera,Paul Mescal,Rossy de Palma,Drama Romance,carmen,Melissa Barrera Paul Mescal Rossy de Palma Benjamin Millepied Drama Romance
Steven K. Tsuchida,Rachael Leigh Cook,Scott Ly,Missi Pyle,Romance Comedy,a tourist's guide to love,Rachael Leigh Cook Scott Ly Missi Pyle Steven K. Tsuchida Romance Comedy
Franklin Ritch,Lance Henriksen,Sinda Nichols,David Girard,Science Fiction Thriller Drama Mystery,the artifice girl,Lance Henriksen Sinda Nichols David Girard Franklin Ritch Science Fiction Thriller Drama Mystery
David Lowery,Jude Law,Alexander Molony,Ever Anderson,Family Fantasy Action Adventure,peter pan & wendy,Jude Law Alexander Molony Ever Anderson David Lowery Family Fantasy Action Adventure
Kelly Fremon Craig,Rachel McAdams,Abby Ryder Fortson,Elle Graham,Comedy Drama,"are you there god? it's me, margaret.",Rachel McAdams Abby Ryder Fortson Elle Graham Kelly Fremon Craig Comedy Drama
George Tillman Jr.,Khris Davis,Jasmine Mathews,John Magaro,History Drama,big george foreman,Khris Davis Jasmine Mathews John Magaro George Tillman Jr. History Drama
Jalmari Helander,Jorma Tommila,Aksel Hennie,Jack Doolan,Action War Adventure,sisu,Jorma Tommila Aksel Hennie Jack Doolan Jalmari Helander Action War Adventure
Alexis Jacknow,Dianna Agron,Jay Ali,Melora Hardin,Horror Thriller,clock,Dianna Agron Jay Ali Melora Hardin Alexis Jacknow Horror Thriller
James Gunn,Chris Pratt,Zoe Saldaña,Dave Bautista,Science Fiction Adventure Action,guardians of the galaxy vol. 3,Chris Pratt Zoe Saldaña Dave Bautista James Gunn Science Fiction Adventure Action
James C. Strouse,Priyanka Chopra,Sam Heughan,Russell Tovey,Romance Drama Comedy,love again,Priyanka Chopra Sam Heughan Russell Tovey James C. Strouse Romance Drama Comedy
Bill Holderman,Diane Keaton,Jane Fonda,Candice Bergen,Comedy Romance,book club: the next chapter,Diane Keaton Jane Fonda Candice Bergen Bill Holderman Comedy Romance
Niki Caro,Jennifer Lopez,Joseph Fiennes,Lucy Paez,Action Thriller,the mother,Jennifer Lopez Joseph Fiennes Lucy Paez Niki Caro Action Thriller
Charlie Day,Charlie Day,Ken Jeong,Kate Beckinsale,Comedy,fool's paradise,Charlie Day Ken Jeong Kate Beckinsale Charlie Day Comedy
Robert Rodriguez,Ben Affleck,Alice Braga,William Fichtner,Mystery Thriller Action Science Fiction,hypnotic,Ben Affleck Alice Braga William Fichtner Robert Rodriguez Mystery Thriller Action Science Fiction
Kyle Patrick Alvarez,Isaiah Russell-Bailey,Mckenna Grace,Billy Barratt,Science Fiction Action Adventure Family,crater,Isaiah Russell-Bailey Mckenna Grace Billy Barratt Kyle Patrick Alvarez Science Fiction Action Adventure Family
Tomasz Bagiński,Mackenyu,Famke Janssen,Madison Iseman,Fantasy Action Adventure,knights of the zodiac,Mackenyu Famke Janssen Madison Iseman Tomasz Bagiński Fantasy Action Adventure
Tony Dean Smith,Jonathan Rhys Meyers,Jon Voight,Leah Gibson,Action Mystery Thriller,mercy,Jonathan Rhys Meyers Jon Voight Leah Gibson Tony Dean Smith Action Mystery Thriller
Andrea Pallaoro,Trace Lysette,Patricia Clarkson,Emily Browning,Drama,monica,Trace Lysette Patricia Clarkson Emily Browning Andrea Pallaoro Drama
Laurel Parmet,Eliza Scanlen,Lewis Pullman,Wrenn Schmidt,Drama,the starling girl,Eliza Scanlen Lewis Pullman Wrenn Schmidt Laurel Parmet Drama
Ross Venokur,Jimmy O. Yang,J. K. Simmons,Chloe Bennet,Animation Family Comedy,rally road racers,Jimmy O. Yang J. K. Simmons Chloe Bennet Ross Venokur Animation Family Comedy
Louis Leterrier,Vin Diesel,Michelle Rodriguez,Tyrese Gibson,Action Crime Thriller,fast x,Vin Diesel Michelle Rodriguez Tyrese Gibson Louis Leterrier Action Crime Thriller
Calmatic,Sinqua Walls,Jack Harlow,Teyana Taylor,Comedy Drama,white men can't jump,Sinqua Walls Jack Harlow Teyana Taylor Calmatic Comedy Drama
Paul Schrader,Joel Edgerton,Sigourney Weaver,Quintessa Swindell,Drama Romance Thriller,master gardener,Joel Edgerton Sigourney Weaver Quintessa Swindell Paul Schrader Drama Romance Thriller
Zachary Wigon,Margaret Qualley,Christopher Abbott,unknown,Drama Thriller,sanctuary,Margaret Qualley Christopher Abbott unknown Zachary Wigon Drama Thriller
"Anthony Hines, Casper Christensen (directors/screenplay); Shailene Woodley, Jack Whitehall",Shailene Woodley,Jack Whitehall,unknown,Animation Comedy Family Science Fiction,robots,"Shailene Woodley Jack Whitehall unknown Anthony Hines, Casper Christensen (directors/screenplay); Shailene Woodley, Jack Whitehall Animation Comedy Family Science Fiction"
Ryan Stevens Harris,Augie Duke,Haven Lee Harris,Morgana Ignis,Fantasy Horror Drama,moon garden,Augie Duke Haven Lee Harris Morgana Ignis Ryan Stevens Harris Fantasy Horror Drama
Rob Marshall,Halle Bailey,Jonah Hauer-King,Daveed Diggs,Adventure Family Fantasy Romance,the little mermaid,Halle Bailey Jonah Hauer-King Daveed Diggs Rob Marshall Adventure Family Fantasy Romance
Laura Terruso,Sebastian Maniscalco,Robert De Niro,Leslie Bibb,Comedy,about my father,Sebastian Maniscalco Robert De Niro Leslie Bibb Laura Terruso Comedy
Ric Roman Waugh,Gerard Butler,Navid Negahban,Ali Fazal,Action Thriller,kandahar,Gerard Butler Navid Negahban Ali Fazal Ric Roman Waugh Action Thriller
Peter Atencio,Bert Kreischer,Mark Hamill,Jimmy Tatro,Comedy Action Crime,the machine,Bert Kreischer Mark Hamill Jimmy Tatro Peter Atencio Comedy Action Crime
Nicole Holofcener,Julia Louis-Dreyfus,Tobias Menzies,Michaela Watkins,Comedy Drama Romance,you hurt my feelings,Julia Louis-Dreyfus Tobias Menzies Michaela Watkins Nicole Holofcener Comedy Drama Romance
"Matt Angel, Suzanne Coote",Lulu Wilson,Seann William Scott,unknown,Action Horror Thriller,the wrath of becky,"Lulu Wilson Seann William Scott unknown Matt Angel, Suzanne Coote Action Horror Thriller"
Tina Satter,Sydney Sweeney,Marchánt Davis,Josh Hamilton,Drama Thriller,reality,Sydney Sweeney Marchánt Davis Josh Hamilton Tina Satter Drama Thriller
"Joaquim Dos Santos, Kemp Powers, Justin K. Thompson",Shameik Moore,Hailee Steinfeld,Brian Tyree Henry,Animation Action Adventure Science Fiction,spider-man: across the spider-verse,"Shameik Moore Hailee Steinfeld Brian Tyree Henry Joaquim Dos Santos, Kemp Powers, Justin K. Thompson Animation Action Adventure Science Fiction"
Rob Savage,Sophie Thatcher,Chris Messina,Vivien Lyra Blair,Horror Thriller Mystery,the boogeyman,Sophie Thatcher Chris Messina Vivien Lyra Blair Rob Savage Horror Thriller Mystery
Celine Song,Greta Lee,Teo Yoo,John Magaro,Drama Romance,past lives,Greta Lee Teo Yoo John Magaro Celine Song Drama Romance
Chris Robinson,Mookie Cook,Caleb McLaughlin,Algee Smith,Drama History,shooting stars,Mookie Cook Caleb McLaughlin Algee Smith Chris Robinson Drama History
Steven Caple Jr.,Anthony Ramos,Dominique Fishback,Luna Lauren Vélez,Action Adventure Science Fiction,transformers: rise of the beasts,Anthony Ramos Dominique Fishback Luna Lauren Vélez Steven Caple Jr. Action Adventure Science Fiction
Eva Longoria,Jesse Garcia,Annie Gonzalez,Dennis Haysbert,Comedy Drama,flamin' hot,Jesse Garcia Annie Gonzalez Dennis Haysbert Eva Longoria Comedy Drama
Mary Harron,Ben Kingsley,Barbara Sukowa,Christopher Briney,Drama History,dalíland,Ben Kingsley Barbara Sukowa Christopher Briney Mary Harron Drama History
Kelley Kali,Maisie Richardson-Sellers,Shannon Woodward,unknown,Horror,jagged mind,Maisie Richardson-Sellers Shannon Woodward unknown Kelley Kali Horror
Andy Muschietti,Ezra Miller,Sasha Calle,Michael Shannon,Action Adventure Science Fiction,the flash,Ezra Miller Sasha Calle Michael Shannon Andy Muschietti Action Adventure Science Fiction
Peter Sohn,Leah Lewis,Mamoudou Athie,Ronnie del Carmen,Animation Comedy Family Fantasy Romance,elemental,Leah Lewis Mamoudou Athie Ronnie del Carmen Peter Sohn Animation Comedy Family Fantasy Romance
Wes Anderson,Jason Schwartzman,Scarlett Johansson,Tom Hanks,Comedy Drama,asteroid city,Jason Schwartzman Scarlett Johansson Tom Hanks Wes Anderson Comedy Drama
Sam Hargrave,Chris Hemsworth,Golshifteh Farahani,Adam Bessa,Action Thriller,extraction 2,Chris Hemsworth Golshifteh Farahani Adam Bessa Sam Hargrave Action Thriller
Tim Story,Grace Byers,Jermaine Fowler,Melvin Gregg,Horror Comedy,the blackening,Grace Byers Jermaine Fowler Melvin Gregg Tim Story Horror Comedy
Anthony Mandler,Letitia Wright,Jamie Bell,Michael K. Williams,Western Action Drama,surrounded,Letitia Wright Jamie Bell Michael K. Williams Anthony Mandler Western Action Drama
Gene Stupnitsky,Jennifer Lawrence,Andrew Barth Feldman,Laura Benanti,Comedy Romance,no hard feelings,Jennifer Lawrence Andrew Barth Feldman Laura Benanti Gene Stupnitsky Comedy Romance
Numa Perrier,Gabrielle Union,Keith Powers,Aisha Hinds,Romance Comedy,the perfect find,Gabrielle Union Keith Powers Aisha Hinds Numa Perrier Romance Comedy
Roshan Sethi,Utkarsh Ambudkar,Manny Magnus,Punam Patel,Music Family Comedy,world's best,Utkarsh Ambudkar Manny Magnus Punam Patel Roshan Sethi Music Family Comedy
Nick Cassavetes,Nikolaj Coster-Waldau,Jamie Foxx,Maika Monroe,Thriller Action Crime,god is a bullet,Nikolaj Coster-Waldau Jamie Foxx Maika Monroe Nick Cassavetes Thriller Action Crime
Vlad Marsavin,Carrie Fisher,Rita Ora,Kiera Milward,Fantasy Family Drama,wonderwell,Carrie Fisher Rita Ora Kiera Milward Vlad Marsavin Fantasy Family Drama
James Mangold,Harrison Ford,Phoebe Waller-Bridge,Antonio Banderas,Adventure Action,indiana jones and the dial of destiny,Harrison Ford Phoebe Waller-Bridge Antonio Banderas James Mangold Adventure Action
"Kirk DeMicco, Faryn Pearl",Lana Condor,Toni Collette,Annie Murphy,Animation Family Fantasy Comedy,"ruby gillman, teenage kraken","Lana Condor Toni Collette Annie Murphy Kirk DeMicco, Faryn Pearl Animation Family Fantasy Comedy"
Nick Bruno and Troy Quane,Chloë Grace Moretz,Riz Ahmed,Eugene Lee Yang,Adventure Animation Fantasy Family,nimona,Chloë Grace Moretz Riz Ahmed Eugene Lee Yang Nick Bruno and Troy Quane Adventure Animation Fantasy Family
Michael Oblowitz,Mel Gibson,Kate Bosworth,Dominic Purcell,Thriller Action Mystery,confidential informant,Mel Gibson Kate Bosworth Dominic Purcell Michael Oblowitz Thriller Action Mystery
Catherine Hardwicke,Kate Beckinsale,Brian Cox,Christopher Convery,Drama Mystery Thriller,prisoner's daughter,Kate Beckinsale Brian Cox Christopher Convery Catherine Hardwicke Drama Mystery Thriller
Vincent Shade,R.J. Mitte,Christian Stolte,William Mark McCullough,Horror Mystery Thriller,the unseen,R.J. Mitte Christian Stolte William Mark McCullough Vincent Shade Horror Mystery Thriller
Alejandro Monteverde,Jim Caviezel,Mira Sorvino,Bill Camp,Action Drama,sound of freedom,Jim Caviezel Mira Sorvino Bill Camp Alejandro Monteverde Action Drama
Patrick Wilson,Ty Simpkins,Patrick Wilson,Sinclair Daniel,Horror Mystery Thriller,insidious: the red door,Ty Simpkins Patrick Wilson Sinclair Daniel Patrick Wilson Horror Mystery Thriller
Adele Lim,Ashley Park,Sherry Cola,Stephanie Hsu,Mystery Thriller Drama,joy ride,Ashley Park Sherry Cola Stephanie Hsu Adele Lim Mystery Thriller Drama
Tyler Spindel,Adam DeVine,Nina Dobrev,Ellen Barkin,Romance Action Comedy,the out-laws,Adam DeVine Nina Dobrev Ellen Barkin Tyler Spindel Romance Action Comedy
Savanna Leaf,Tia Nomore,Erika Alexander,Doechii,Drama,earth mama,Tia Nomore Erika Alexander Doechii Savanna Leaf Drama
Mel Eslyn,Sterling K. Brown,Mark Duplass,unknown,Comedy Drama Science Fiction Fantasy,biosphere,Sterling K. Brown Mark Duplass unknown Mel Eslyn Comedy Drama Science Fiction Fantasy
Mark Polonia,Samantha Coolidge,Ryan Dalton,Natalie Himmelberger,Horror Science Fiction,cocaine shark,Samantha Coolidge Ryan Dalton Natalie Himmelberger Mark Polonia Horror Science Fiction
Christopher McQuarrie,Tom Cruise,Hayley Atwell,Ving Rhames,Action Thriller,mission: impossible – dead reckoning part one,Tom Cruise Hayley Atwell Ving Rhames Christopher McQuarrie Action Thriller
Juel Taylor,John Boyega,Teyonah Parris,Jamie Foxx,Comedy Science Fiction Mystery,they cloned tyrone,John Boyega Teyonah Parris Jamie Foxx Juel Taylor Comedy Science Fiction Mystery
"Molly Gordon, Nick Lieberman (directors/screenplay); Ben Platt, Noah Galvin (screenplay); Noah Galvin, Molly Gordon, Ben Platt, Jimmy Tatro, Patti Harrison, Nathan Lee Graham, Ayo Edebiri, Owen Thiele, Caroline Aaron, Amy Sedaris",Noah Galvin,Molly Gordon,Ben Platt,Comedy,theater camp,"Noah Galvin Molly Gordon Ben Platt Molly Gordon, Nick Lieberman (directors/screenplay); Ben Platt, Noah Galvin (screenplay); Noah Galvin, Molly Gordon, Ben Platt, Jimmy Tatro, Patti Harrison, Nathan Lee Graham, Ayo Edebiri, Owen Thiele, Caroline Aaron, Amy Sedaris Comedy"
Greta Gerwig,Margot Robbie,Ryan Gosling,America Ferrera,Comedy Adventure,barbie,Margot Robbie Ryan Gosling America Ferrera Greta Gerwig Comedy Adventure
Christopher Nolan,Cillian Murphy,Emily Blunt,Matt Damon,Drama History,oppenheimer,Cillian Murphy Emily Blunt Matt Damon Christopher Nolan Drama History
Samuel Bodin,Lizzy Caplan,Woody Norman,Cleopatra Coleman,Horror,cobweb,Lizzy Caplan Woody Norman Cleopatra Coleman Samuel Bodin Horror
"Kristin Gore, Damian Kulash",Zach Galifianakis,Elizabeth Banks,Sarah Snook,Comedy Drama,the beanie bubble,"Zach Galifianakis Elizabeth Banks Sarah Snook Kristin Gore, Damian Kulash Comedy Drama"
Jackson Publick,James Urbaniak,Patrick Warburton,Michael Sinterniklaas,Animation Action Adventure Science Fiction,the venture bros.: radiant is the blood of the baboon heart,James Urbaniak Patrick Warburton Michael Sinterniklaas Jackson Publick Animation Action Adventure Science Fiction
Nancy Hower,Jamie Lynn Spears,Erin Sanders,Sean Flynn,Romance Comedy,zoey 102,Jamie Lynn Spears Erin Sanders Sean Flynn Nancy Hower Romance Comedy
Justin Simien,LaKeith Stanfield,Tiffany Haddish,Owen Wilson,Fantasy Comedy Family,haunted mansion,LaKeith Stanfield Tiffany Haddish Owen Wilson Justin Simien Fantasy Comedy Family
Yuval Adler,Nicolas Cage,Joel Kinnaman,unknown,Action Thriller,sympathy for the devil,Nicolas Cage Joel Kinnaman unknown Yuval Adler Action Thriller
"Travis Scott, Gaspar Noé, Valdimar Jóhannsson, Nicolas Winding Refn, Harmony Korine, Kahlil Joseph",Travis Scott,Rick Rubin,James Blake,Music,circus maximus,"Travis Scott Rick Rubin James Blake Travis Scott, Gaspar Noé, Valdimar Jóhannsson, Nicolas Winding Refn, Harmony Korine, Kahlil Joseph Music"
Vicky Wright,Ellie Kemper,Luke Grimes,Nico Santos,Romance Adventure Comedy Drama,happiness for beginners,Ellie Kemper Luke Grimes Nico Santos Vicky Wright Romance Adventure Comedy Drama
"Riley Keough, Gina Gammell (directors/screenplay); Franklin Sioux Bob, Bill Reddy (screenplay); Jojo Bapteise Whiting, Ladainian Crazy Thunder",Jojo Bapteise Whiting,Ladainian Crazy Thunder,unknown,Drama,war pony,"Jojo Bapteise Whiting Ladainian Crazy Thunder unknown Riley Keough, Gina Gammell (directors/screenplay); Franklin Sioux Bob, Bill Reddy (screenplay); Jojo Bapteise Whiting, Ladainian Crazy Thunder Drama"
Morissa Maltz,Lily Gladstone,Raymond Lee,Richard Ray Whitman,Drama,the unknown country,Lily Gladstone Raymond Lee Richard Ray Whitman Morissa Maltz Drama
Dan Bowhers,Morgan DeTogne,Michael Kowalski,Mike Headford,Horror Science Fiction Thriller Drama,blue hour: the disappearance of nick brandreth,Morgan DeTogne Michael Kowalski Mike Headford Dan Bowhers Horror Science Fiction Thriller Drama
Jeff Rowe,Micah Abbey,Shamon Brown Jr.,Nicolas Cantu,Animation Comedy Action Science Fiction,teenage mutant ninja turtles: mutant mayhem,Micah Abbey Shamon Brown Jr. Nicolas Cantu Jeff Rowe Animation Comedy Action Science Fiction
Anthony Leone,Felissa Rose,George Jac,Brian Patrick Butler,Horror Comedy,mike & fred vs the dead,Felissa Rose George Jac Brian Patrick Butler Anthony Leone Horror Comedy
Ben Wheatley,Jason Statham,Wu Jing,Sophia Cai,Action Science Fiction Horror,meg 2: the trench,Jason Statham Wu Jing Sophia Cai Ben Wheatley Action Science Fiction Horror
Randall Park,Justin H. Min,Sherry Cola,Ally Maki,Comedy Drama Romance,shortcomings,Justin H. Min Sherry Cola Ally Maki Randall Park Comedy Drama Romance
Bill Pohlad,Casey Affleck,Walton Goggins,Zooey Deschanel,Music Drama,dreamin' wild,Casey Affleck Walton Goggins Zooey Deschanel Bill Pohlad Music Drama
Joachim Back,Jon Hamm,Danny Pudi,Sarah Gadon,Comedy Drama,corner office,Jon Hamm Danny Pudi Sarah Gadon Joachim Back Comedy Drama
Amy Redford,Summer Phoenix,Grace Van Dien,Jesse Garcia,Drama Thriller,what comes around,Summer Phoenix Grace Van Dien Jesse Garcia Amy Redford Drama Thriller
Carter Smith,Johnny Berchtold,Kyle Gallner,unknown,Crime Drama Thriller Horror,the passenger,Johnny Berchtold Kyle Gallner unknown Carter Smith Crime Drama Thriller Horror
André Øvredal,Corey Hawkins,Aisling Franciosi,Liam Cunningham,Thriller Horror,the last voyage of the demeter,Corey Hawkins Aisling Franciosi Liam Cunningham André Øvredal Thriller Horror
Tom Harper,Gal Gadot,Jamie Dornan,Alia Bhatt,Thriller Action,heart of stone,Gal Gadot Jamie Dornan Alia Bhatt Tom Harper Thriller Action
Matthew Lopez,Taylor Zakhar Perez,Nicholas Galitzine,Clifton Collins Jr.,Comedy Romance,"red, white & royal blue",Taylor Zakhar Perez Nicholas Galitzine Clifton Collins Jr. Matthew Lopez Comedy Romance
Marc Turtletaub,Ben Kingsley,Jane Curtin,Harriet Sansom Harris,Science Fiction Comedy Drama,jules,Ben Kingsley Jane Curtin Harriet Sansom Harris Marc Turtletaub Science Fiction Comedy Drama
Danny A. Abeckaser,Emile Hirsch,Jake Cannavale,Lucy Hale,Crime Drama Thriller,inside man,Emile Hirsch Jake Cannavale Lucy Hale Danny A. Abeckaser Crime Drama Thriller
Angel Manuel Soto,Xolo Maridueña,Adriana Barraza,Damián Alcázar,Action Science Fiction Adventure,blue beetle,Xolo Maridueña Adriana Barraza Damián Alcázar Angel Manuel Soto Action Science Fiction Adventure
Josh Greenbaum,Will Ferrell,Jamie Foxx,Will Forte,Comedy Adventure,strays,Will Ferrell Jamie Foxx Will Forte Josh Greenbaum Comedy Adventure
Anthony Stacchi,Jimmy O. Yang,Lin Jolie Hoang-Rappaport,Bowen Yang,Animation Fantasy Adventure Family Comedy,the monkey king,Jimmy O. Yang Lin Jolie Hoang-Rappaport Bowen Yang Anthony Stacchi Animation Fantasy Adventure Family Comedy
Cory Finley,Asante Blackk,Kylie Rogers,Tiffany Haddish,Science Fiction Comedy Drama,landscape with invisible hand,Asante Blackk Kylie Rogers Tiffany Haddish Cory Finley Science Fiction Comedy Drama
Laura Moss,Marin Ireland,Judy Reyes,A.J. Lister,Horror Mystery Thriller Drama Science Fiction,birth/rebirth,Marin Ireland Judy Reyes A.J. Lister Laura Moss Horror Mystery Thriller Drama Science Fiction
Chris Spencer,Wesley Snipes,J. B. Smoove,Gary Owen,Comedy,back on the strip,Wesley Snipes J. B. Smoove Gary Owen Chris Spencer Comedy
Dustin Guy Defa,Michael Cera,Hannah Gross,Sophia Lillis,Drama Comedy,the adults,Michael Cera Hannah Gross Sophia Lillis Dustin Guy Defa Drama Comedy
Neill Blomkamp,David Harbour,Orlando Bloom,Archie Madekwe,Adventure Action Drama,gran turismo,David Harbour Orlando Bloom Archie Madekwe Neill Blomkamp Adventure Action Drama
Nimród Antal,Liam Neeson,Noma Dumezweni,Lilly Aspell,Thriller,retribution,Liam Neeson Noma Dumezweni Lilly Aspell Nimród Antal Thriller
Clay Tarver,John Cena,Lil Rel Howery,Yvonne Orji,Comedy,vacation friends 2,John Cena Lil Rel Howery Yvonne Orji Clay Tarver Comedy
Sammi Cohen,Sunny Sandler,Samantha Lorraine,Adam Sandler,Comedy,you are so not invited to my bat mitzvah,Sunny Sandler Samantha Lorraine Adam Sandler Sammi Cohen Comedy
Emma Seligman,Rachel Sennott,Ayo Edebiri,Havana Rose Liu,Comedy,bottoms,Rachel Sennott Ayo Edebiri Havana Rose Liu Emma Seligman Comedy
Guy Nattiv,Helen Mirren,Camille Cottin,Liev Schreiber,Drama History War,golda,Helen Mirren Camille Cottin Liev Schreiber Guy Nattiv Drama History War
Jeff Celentano,Colin Ford,Dennis Quaid,Joelle Carter,History Drama,the hill,Colin Ford Dennis Quaid Joelle Carter Jeff Celentano History Drama
Antoine Fuqua,Denzel Washington,Dakota Fanning,Eugenio Mastrandrea,Action Thriller Crime,the equalizer 3,Denzel Washington Dakota Fanning Eugenio Mastrandrea Antoine Fuqua Action Thriller Crime
Miles Joris-Peyrafitte,Hilary Swank,Olivia Cooke,Jack Reynor,Thriller,the good mother,Hilary Swank Olivia Cooke Jack Reynor Miles Joris-Peyrafitte Thriller
"Ari Costa, Eren Celeboglu",Natalia Dyer,Asa Butterfield,Benjamin Evan Ainsworth,Horror Thriller,all fun and games,"Natalia Dyer Asa Butterfield Benjamin Evan Ainsworth Ari Costa, Eren Celeboglu Horror Thriller"
Yoshiki,Yoshiki (director); Yoshiki,Sarah Brightman,Jane Zhang,Music Documentary,yoshiki: under the sky,Yoshiki (director); Yoshiki Sarah Brightman Jane Zhang Yoshiki Music Documentary
Michael Chaves,Taissa Farmiga,Jonas Bloquet,Storm Reid,Horror,the nun ii,Taissa Farmiga Jonas Bloquet Storm Reid Michael Chaves Horror
Nia Vardalos,Nia Vardalos,John Corbett,Louis Mandylor,Comedy Romance,my big fat greek wedding 3,Nia Vardalos John Corbett Louis Mandylor Nia Vardalos Comedy Romance
Trish Sie,Yara Shahidi,Odessa A'zion,Martha Kelly,Romance Comedy Drama,sitting in bars with cake,Yara Shahidi Odessa A'zion Martha Kelly Trish Sie Romance Comedy Drama
Aitch Alberto,Max Pelayo,Reese Gonzales,Eugenio Derbez,Romance Drama,aristotle and dante discover the secrets of the universe,Max Pelayo Reese Gonzales Eugenio Derbez Aitch Alberto Romance Drama
Castille Landon,Josephine Langford,Hero Fiennes Tiffin,Louise Lombard,Romance Drama,after everything,Josephine Langford Hero Fiennes Tiffin Louise Lombard Castille Landon Romance Drama
Kenneth Branagh,Kenneth Branagh,Kyle Allen,Camille Cottin,Mystery Thriller Crime,a haunting in venice,Kenneth Branagh Kyle Allen Camille Cottin Kenneth Branagh Mystery Thriller Crime
Craig Gillespie,Paul Dano,Pete Davidson,Vincent D'Onofrio,History Comedy Drama,dumb money,Paul Dano Pete Davidson Vincent D'Onofrio Craig Gillespie History Comedy Drama
Vanessa Caswill,Haley Lu Richardson,Ben Hardy,Dexter Fletcher,Romance Drama,love at first sight,Haley Lu Richardson Ben Hardy Dexter Fletcher Vanessa Caswill Romance Drama
Alejandra Márquez Abella,Michael Peña,Rosa Salazar,Sarayu Blue,Drama History,a million miles away,Michael Peña Rosa Salazar Sarayu Blue Alejandra Márquez Abella Drama History
Tim Brown,Nicolas Cage,Ron Perlman,Ashley Greene,Comedy Action,the retirement plan,Nicolas Cage Ron Perlman Ashley Greene Tim Brown Comedy Action
Michael Jai White,Michael Jai White,Anika Noni Rose,Erica Ash,Action Comedy Western,outlaw johnny black,Michael Jai White Anika Noni Rose Erica Ash Michael Jai White Action Comedy Western
Sean Olson,Ethan Drew,Corbin Bleu,Amanda Leighton,Family Comedy,camp hideout,Ethan Drew Corbin Bleu Amanda Leighton Sean Olson Family Comedy
Jim Capobianco,Stephen Fry,Marion Cotillard,Daisy Ridley,Animation Drama Family History,the inventor,Stephen Fry Marion Cotillard Daisy Ridley Jim Capobianco Animation Drama Family History
Scott Waugh,Jason Statham,50 Cent,Megan Fox,Action Adventure Thriller,expend4bles,Jason Statham 50 Cent Megan Fox Scott Waugh Action Adventure Thriller
Robert Rodriguez,Gina Rodriguez,Zachary Levi,Everly Carganilla,Family Comedy Adventure Science Fiction,spy kids: armageddon,Gina Rodriguez Zachary Levi Everly Carganilla Robert Rodriguez Family Comedy Adventure Science Fiction
Grant Singer,Benicio del Toro,Justin Timberlake,Alicia Silverstone,Crime,reptile,Benicio del Toro Justin Timberlake Alicia Silverstone Grant Singer Crime
Roger Ross Williams,Gael García Bernal,Roberta Colindrez,Perla De La Rosa,Drama,cassandro,Gael García Bernal Roberta Colindrez Perla De La Rosa Roger Ross Williams Drama
John Carney,Eve Hewson,Jack Reynor,Orén Kinlan,Music Comedy Drama,flora and son,Eve Hewson Jack Reynor Orén Kinlan John Carney Music Comedy Drama
Brian Duffield,Kaitlyn Dever,unknown,unknown,Horror Science Fiction Thriller,no one will save you,Kaitlyn Dever unknown unknown Brian Duffield Horror Science Fiction Thriller
Bishal Dutta,Megan Suri,Neeru Bajwa,Mohana Krishnan,Horror Mystery,it lives inside,Megan Suri Neeru Bajwa Mohana Krishnan Bishal Dutta Horror Mystery
"Ian Tripp, Ryan Schafer",Vinny Curran,Bill Oberst Jr.,Brendan Cahalan,Horror Comedy Mystery Thriller,everybody dies by the end,"Vinny Curran Bill Oberst Jr. Brendan Cahalan Ian Tripp, Ryan Schafer Horror Comedy Mystery Thriller"
Nicol Paone,Uma Thurman,Joe Manganiello,Maya Hawke,Comedy Crime,the kill room,Uma Thurman Joe Manganiello Maya Hawke Nicol Paone Comedy Crime
Gareth Edwards,John David Washington,Gemma Chan,Ken Watanabe,Action Adventure Science Fiction,the creator,John David Washington Gemma Chan Ken Watanabe Gareth Edwards Action Adventure Science Fiction
Kevin Greutert,Tobin Bell,Shawnee Smith,Synnøve Macody Lund,Horror Thriller,saw x,Tobin Bell Shawnee Smith Synnøve Macody Lund Kevin Greutert Horror Thriller
Chloe Domont,Phoebe Dynevor,Alden Ehrenreich,Eddie Marsan,Drama Thriller Romance,fair play,Phoebe Dynevor Alden Ehrenreich Eddie Marsan Chloe Domont Drama Thriller Romance
Menhaj Huda,Courtney B. Vance,Keesha Sharp,Keith David,Crime Drama,heist 88,Courtney B. Vance Keesha Sharp Keith David Menhaj Huda Crime Drama
Andy Palmer,Britt Robertson,Ty Simpkins,Nico Santos,Comedy Drama,the re-education of molly singer,Britt Robertson Ty Simpkins Nico Santos Andy Palmer Comedy Drama
"Lee Roy Kunz, Cru Ennis",Lee Roy Kunz,Maria Vera Ratti,Alexander Siddig,Horror,deliver us,"Lee Roy Kunz Maria Vera Ratti Alexander Siddig Lee Roy Kunz, Cru Ennis Horror"
Daniel Di Grado,Ryan Destiny,Heather Graham,unknown,Horror,oracle,Ryan Destiny Heather Graham unknown Daniel Di Grado Horror
Anna Zlokovic,Hadley Robinson,Emily Hampshire,Brandon Mychal Smith,Horror,appendage,Hadley Robinson Emily Hampshire Brandon Mychal Smith Anna Zlokovic Horror
David Gordon Green,Leslie Odom Jr.,Lidya Jewett,Olivia O’Neill,Horror,the exorcist: believer,Leslie Odom Jr. Lidya Jewett Olivia O’Neill David Gordon Green Horror
Lindsey Anderson Beer,Jackson White,Jack Mulhern,Henry Thomas,Horror Fantasy,pet sematary: bloodlines,Jackson White Jack Mulhern Henry Thomas Lindsey Anderson Beer Horror Fantasy
Nahnatchka Khan,Kiernan Shipka,Olivia Holt,Julie Bowen,Comedy Horror Science Fiction,totally killer,Kiernan Shipka Olivia Holt Julie Bowen Nahnatchka Khan Comedy Horror Science Fiction
"Mike P. Nelson, Gigi Saul Guerrero (directors/screenplay); Scott Derrickson, David Bruckner, Natasha Kermani",Scott Derrickson,David Bruckner,Natasha Kermani (directors); Jordan Belfi,Horror Fantasy Science Fiction,v/h/s/85,"Scott Derrickson David Bruckner Natasha Kermani (directors); Jordan Belfi Mike P. Nelson, Gigi Saul Guerrero (directors/screenplay); Scott Derrickson, David Bruckner, Natasha Kermani Horror Fantasy Science Fiction"
William Friedkin,Kiefer Sutherland,Lance Reddick,Jason Clarke,Drama War,the caine mutiny court-martial,Kiefer Sutherland Lance Reddick Jason Clarke William Friedkin Drama War
Larry Charles,Megan Mullally,Megan Thee Stallion,Bowen Yang,Comedy,dicks: the musical,Megan Mullally Megan Thee Stallion Bowen Yang Larry Charles Comedy
Garth Davis,Saoirse Ronan,Paul Mescal,Aaron Pierre,Science Fiction Drama,foe,Saoirse Ronan Paul Mescal Aaron Pierre Garth Davis Science Fiction Drama
Rebecca Miller,Peter Dinklage,Marisa Tomei,Joanna Kulig,Romance Comedy Drama,she came to me,Peter Dinklage Marisa Tomei Joanna Kulig Rebecca Miller Romance Comedy Drama
Maggie Betts,Jamie Foxx,Tommy Lee Jones,Jurnee Smollett,Comedy Drama,the burial,Jamie Foxx Tommy Lee Jones Jurnee Smollett Maggie Betts Comedy Drama
Nadine Crocker,Garrett Hedlund,Mel Gibson,Willa Fitzgerald,Thriller Action Crime Drama,desperation road,Garrett Hedlund Mel Gibson Willa Fitzgerald Nadine Crocker Thriller Action Crime Drama
Michelle Danner,Abigail Breslin,Luke Wilson,Andy García,Drama History,miranda's victim,Abigail Breslin Luke Wilson Andy García Michelle Danner Drama History
Susanna Fogel,Emilia Jones,Nicholas Braun,Geraldine Viswanathan,Thriller Comedy,cat person,Emilia Jones Nicholas Braun Geraldine Viswanathan Susanna Fogel Thriller Comedy
Sean King O'Grady,Lil Rel Howery,Scoot McNairy,Pat Healy,Science Fiction Horror,the mill,Lil Rel Howery Scoot McNairy Pat Healy Sean King O'Grady Science Fiction Horror
Rightor Doyle,Zachary Quinto,Lukas Gage,Simon Rex,Comedy,down low,Zachary Quinto Lukas Gage Simon Rex Rightor Doyle Comedy
David Slade,Casey Likes,E'myri Crutchfield,Dustin Ceithamer,Horror Fantasy Thriller,dark harvest,Casey Likes E'myri Crutchfield Dustin Ceithamer David Slade Horror Fantasy Thriller
Sam Wrench,Sam Wrench (director); Taylor Swift,unknown,unknown,Music,taylor swift: the eras tour,Sam Wrench (director); Taylor Swift unknown unknown Sam Wrench Music
John McPhail,Augustus Prew,Andrea Bang,Justin Long,Horror Thriller,dear david,Augustus Prew Andrea Bang Justin Long John McPhail Horror Thriller
Eddie Alcazar,Stephen Dorff,Bella Thorne,Scott Bakula,Fantasy Horror Science Fiction,divinity,Stephen Dorff Bella Thorne Scott Bakula Eddie Alcazar Fantasy Horror Science Fiction
Conor Allyn,Amber Heard,Eduardo Noriega,Lorenzo McGovern Zaini,Thriller Drama Horror,in the fire,Amber Heard Eduardo Noriega Lorenzo McGovern Zaini Conor Allyn Thriller Drama Horror
Martin Scorsese,Leonardo DiCaprio,Robert De Niro,Lily Gladstone,Crime History Drama,killers of the flower moon,Leonardo DiCaprio Robert De Niro Lily Gladstone Martin Scorsese Crime History Drama
David Yates,Emily Blunt,Chris Evans,Andy García,Drama,pain hustlers,Emily Blunt Chris Evans Andy García David Yates Drama
"Elizabeth Chai Vasarhelyi, Jimmy Chin",Annette Bening,Jodie Foster,Rhys Ifans,Drama History,nyad,"Annette Bening Jodie Foster Rhys Ifans Elizabeth Chai Vasarhelyi, Jimmy Chin Drama History"
Bill Burr,Bill Burr,Bobby Cannavale,Bokeem Woodbine,Comedy,old dads,Bill Burr Bobby Cannavale Bokeem Woodbine Bill Burr Comedy
Gabe Polsky,Nicolas Cage,Fred Hechinger,Xander Berkeley,Western Drama,butcher's crossing,Nicolas Cage Fred Hechinger Xander Berkeley Gabe Polsky Western Drama
Sara Zandieh,Josephine Langford,Drew Starkey,Archie Renaux,Romance Drama Comedy,the other zoey,Josephine Langford Drew Starkey Archie Renaux Sara Zandieh Romance Drama Comedy
Jennifer Cram,Nina Dobrev,Brandon Mychal Smith,Sherry Cola,Comedy,sick girl,Nina Dobrev Brandon Mychal Smith Sherry Cola Jennifer Cram Comedy
Maryam Keshavarz,Layla Mohammadi,Niousha Noor,Bijan Daneshmand,Comedy Drama Romance,the persian version,Layla Mohammadi Niousha Noor Bijan Daneshmand Maryam Keshavarz Comedy Drama Romance
Emma Tammi,Josh Hutcherson,Elizabeth Lail,Piper Rubio,Horror Mystery,five nights at freddy's,Josh Hutcherson Elizabeth Lail Piper Rubio Emma Tammi Horror Mystery
David Soren,Keke Palmer,Michael Cera,Bobby Cannavale,Animation Comedy Family Romance,under the boardwalk,Keke Palmer Michael Cera Bobby Cannavale David Soren Animation Comedy Family Romance
Pierre Morel,John Cena,Alison Brie,Juan Pablo Raba,Action Comedy,freelance,John Cena Alison Brie Juan Pablo Raba Pierre Morel Action Comedy
Alexander Payne,Paul Giamatti,Da'Vine Joy Randolph,Dominic Sessa,Comedy Drama,the holdovers,Paul Giamatti Da'Vine Joy Randolph Dominic Sessa Alexander Payne Comedy Drama
David Fincher,Michael Fassbender,Arliss Howard,Charles Parnell,Crime Thriller,the killer,Michael Fassbender Arliss Howard Charles Parnell David Fincher Crime Thriller
Christos Nikou,Jessie Buckley,Riz Ahmed,Jeremy Allen White,Romance Science Fiction Drama,fingernails,Jessie Buckley Riz Ahmed Jeremy Allen White Christos Nikou Romance Science Fiction Drama
Andrew Hyatt,Terry Chen,Greg Kinnear,unknown,Drama History,sight,Terry Chen Greg Kinnear unknown Andrew Hyatt Drama History
Sofia Coppola,Cailee Spaeny,Jacob Elordi,Dagmara Domińczyk,Drama Romance Music,priscilla,Cailee Spaeny Jacob Elordi Dagmara Domińczyk Sofia Coppola Drama Romance Music
Joe Lynch,Heather Graham,Judah Lewis,Bruce Davison,Horror Thriller,suitable flesh,Heather Graham Judah Lewis Bruce Davison Joe Lynch Horror Thriller
Stephen Cognetti,Bridget Rose Perrotta,Destiny Leilani Brown,James Liddell,Horror Mystery,hell house llc origins: the carmichael manor,Bridget Rose Perrotta Destiny Leilani Brown James Liddell Stephen Cognetti Horror Mystery
Devon Jovi Johnson,Francheska Pujols,Summer Foley,Silvana Jakich,Crime Thriller Horror,what happened at 625 river road,Francheska Pujols Summer Foley Silvana Jakich Devon Jovi Johnson Crime Thriller Horror
Jessica Yu,Awkwafina,Sandra Oh,Jason Schwartzman,Comedy,quiz lady,Awkwafina Sandra Oh Jason Schwartzman Jessica Yu Comedy
George C. Wolfe,Colman Domingo,Chris Rock,Glynn Turman,Drama History,rustin,Colman Domingo Chris Rock Glynn Turman George C. Wolfe Drama History
Neil Burger,Daisy Ridley,Ben Mendelsohn,Garrett Hedlund,Thriller Crime Drama Mystery,the marsh king's daughter,Daisy Ridley Ben Mendelsohn Garrett Hedlund Neil Burger Thriller Crime Drama Mystery
Meg Ryan,Meg Ryan,David Duchovny,unknown,Romance Comedy,what happens later,Meg Ryan David Duchovny unknown Meg Ryan Romance Comedy
Raven Jackson,Charleen McClure,Reginald Helms Jr.,Moses Ingram,Drama,all dirt roads taste of salt,Charleen McClure Reginald Helms Jr. Moses Ingram Raven Jackson Drama
K. Asher Levin,Annabelle Dexter-Jones,Tyrese Gibson,Emile Hirsch,Thriller Drama Comedy Mystery,helen's dead,Annabelle Dexter-Jones Tyrese Gibson Emile Hirsch K. Asher Levin Thriller Drama Comedy Mystery
Augustus Meleo Bernstein,Miranda Otto,Noah Wyle,Ezekiel Pacheco,Drama War History Romance,at the gates,Miranda Otto Noah Wyle Ezekiel Pacheco Augustus Meleo Bernstein Drama War History Romance
Graham Phillips and Parker Phillips,Aaron Eckhart,Bella Thorne,Ritchie Coster,Thriller Action,rumble through the dark,Aaron Eckhart Bella Thorne Ritchie Coster Graham Phillips and Parker Phillips Thriller Action
Nia DaCosta,Brie Larson,Teyonah Parris,Iman Vellani,Science Fiction Adventure Action,the marvels,Brie Larson Teyonah Parris Iman Vellani Nia DaCosta Science Fiction Adventure Action
Kristoffer Borgli,Nicolas Cage,Julianne Nicholson,Michael Cera,Comedy Fantasy,dream scenario,Nicolas Cage Julianne Nicholson Michael Cera Kristoffer Borgli Comedy Fantasy
Adam Anders,Fiona Palomo,Milo Manheim,Lecrae,Family Drama,journey to bethlehem,Fiona Palomo Milo Manheim Lecrae Adam Anders Family Drama
Dan Brown,Angus Cloud,Jessica Garza,Elliot Knight,Thriller Crime,your lucky day,Angus Cloud Jessica Garza Elliot Knight Dan Brown Thriller Crime
Tyler MacIntyre,Joel McHale,Justin Long,Jane Widdop,Horror Comedy,it's a wonderful knife,Joel McHale Justin Long Jane Widdop Tyler MacIntyre Horror Comedy
John Trengove,Jesse Eisenberg,Adrien Brody,Odessa Young,Mystery Thriller Drama,manodrome,Jesse Eisenberg Adrien Brody Odessa Young John Trengove Mystery Thriller Drama
Chris Soriano,Chris Soriano,Haley Weber,Hillary Soriano,Drama,the master chief: part one,Chris Soriano Haley Weber Hillary Soriano Chris Soriano Drama
Mary Lambert,Brandy Norwood,Heather Graham,Matt Cedeño,Comedy,best. christmas. ever!,Brandy Norwood Heather Graham Matt Cedeño Mary Lambert Comedy
Francis Lawrence,Tom Blyth,Rachel Zegler,Peter Dinklage,Drama Science Fiction Action,the hunger games: the ballad of songbirds & snakes,Tom Blyth Rachel Zegler Peter Dinklage Francis Lawrence Drama Science Fiction Action
Walt Dohrn,Anna Kendrick,Justin Timberlake,Kenan Thompson,Animation Family Music Fantasy Comedy,trolls band together,Anna Kendrick Justin Timberlake Kenan Thompson Walt Dohrn Animation Family Music Fantasy Comedy
Eli Roth,Patrick Dempsey,Addison Rae,Milo Manheim,Horror Mystery Thriller,thanksgiving,Patrick Dempsey Addison Rae Milo Manheim Eli Roth Horror Mystery Thriller
Taika Waititi,Michael Fassbender,Oscar Kightley,Kaimana,Comedy Drama,next goal wins,Michael Fassbender Oscar Kightley Kaimana Taika Waititi Comedy Drama
Emerald Fennell,Barry Keoghan,Jacob Elordi,Rosamund Pike,Drama Comedy Thriller,saltburn,Barry Keoghan Jacob Elordi Rosamund Pike Emerald Fennell Drama Comedy Thriller
Todd Haynes,Natalie Portman,Julianne Moore,Charles Melton,Drama Comedy,may december,Natalie Portman Julianne Moore Charles Melton Todd Haynes Drama Comedy
Tim Story,Lil Rel Howery,Ludacris,Madison Skye Validum,Fantasy Family Comedy,dashing through the snow,Lil Rel Howery Ludacris Madison Skye Validum Tim Story Fantasy Family Comedy
Paul Briganti,Ben Marshall,John Higgins,Martin Herlihy,Comedy Adventure,please don't destroy: the treasure of foggy mountain,Ben Marshall John Higgins Martin Herlihy Paul Briganti Comedy Adventure
"Robert Smigel, Robert Marianetti, David Wachtenheim",Robert Smigel,Robert Marianetti,David Wachtenheim (directors); Adam Sandler,Animation Comedy Family,leo,"Robert Smigel Robert Marianetti David Wachtenheim (directors); Adam Sandler Robert Smigel, Robert Marianetti, David Wachtenheim Animation Comedy Family"
"Chris Buck, Fawn Veerasunthorn",Ariana DeBose,Chris Pine,Alan Tudyk,Animation Family Fantasy Adventure,wish,"Ariana DeBose Chris Pine Alan Tudyk Chris Buck, Fawn Veerasunthorn Animation Family Fantasy Adventure"
Ridley Scott,Joaquin Phoenix,Vanessa Kirby,Tahar Rahim,History War Romance,napoleon,Joaquin Phoenix Vanessa Kirby Tahar Rahim Ridley Scott History War Romance
Bradley Cooper,Carey Mulligan,Bradley Cooper,Matt Bomer,Drama Romance Music,maestro,Carey Mulligan Bradley Cooper Matt Bomer Bradley Cooper Drama Romance Music
Sam Esmail,Julia Roberts,Mahershala Ali,Ethan Hawke,Drama Mystery Thriller,leave the world behind,Julia Roberts Mahershala Ali Ethan Hawke Sam Esmail Drama Mystery Thriller
Phil Traill,Kenan Thompson,Kel Mitchell,unknown,Family Comedy,good burger 2,Kenan Thompson Kel Mitchell unknown Phil Traill Family Comedy
Sam Boyd,Melissa McCarthy,Paapa Essiedu,Denée Benton,Fantasy Comedy,genie,Melissa McCarthy Paapa Essiedu Denée Benton Sam Boyd Fantasy Comedy
McG,Jennifer Garner,Ed Helms,Emma Myers,Comedy Fantasy Family,family switch,Jennifer Garner Ed Helms Emma Myers McG Comedy Fantasy Family
Beyoncé,Beyoncé (director); Beyoncé,Blue Ivy Carter,Megan Thee Stallion,Music Documentary,renaissance: a film by beyoncé,Beyoncé (director); Beyoncé Blue Ivy Carter Megan Thee Stallion Beyoncé Music Documentary
John Woo,Joel Kinnaman,Scott Mescudi,Harold Torres,Action Thriller Crime,silent night,Joel Kinnaman Scott Mescudi Harold Torres John Woo Action Thriller Crime
Reginald Hudlin,Eddie Murphy,Tracee Ellis Ross,Jillian Bell,Comedy Fantasy Family,candy cane lane,Eddie Murphy Tracee Ellis Ross Jillian Bell Reginald Hudlin Comedy Fantasy Family
William Oldroyd,Thomasin McKenzie,Shea Whigham,Marin Ireland,Thriller Drama Crime,eileen,Thomasin McKenzie Shea Whigham Marin Ireland William Oldroyd Thriller Drama Crime
Brock Heasley,Kristoffer Polaha,Neal McDonough,Elizabeth Tabish,Science Fiction Fantasy Thriller,the shift,Kristoffer Polaha Neal McDonough Elizabeth Tabish Brock Heasley Science Fiction Fantasy Thriller
Stephanie Garvin,Kelly Stables,Neal McDonough,Sean Astin,Comedy Romance,holiday twist,Kelly Stables Neal McDonough Sean Astin Stephanie Garvin Comedy Romance
Melissa Vitello,Melissa Vitello (director); Gunnar Garrett (screnplay); Ava Cantrell,Tren Reed-Brown,Hermione Lynch,Horror Thriller,abigail,Melissa Vitello (director); Gunnar Garrett (screnplay); Ava Cantrell Tren Reed-Brown Hermione Lynch Melissa Vitello Horror Thriller
"Brett Sullivan, Jessie Nelson",Sara Bareilles,Drew Gehling,Charity Angél Dawson,Comedy Drama,waitress: the musical,"Sara Bareilles Drew Gehling Charity Angél Dawson Brett Sullivan, Jessie Nelson Comedy Drama"
Yorgos Lanthimos,Emma Stone,Mark Ruffalo,Willem Dafoe,Science Fiction Romance Comedy,poor things,Emma Stone Mark Ruffalo Willem Dafoe Yorgos Lanthimos Science Fiction Romance Comedy
Ava DuVernay,Aunjanue Ellis-Taylor,Jon Bernthal,Vera Farmiga,Drama,origin,Aunjanue Ellis-Taylor Jon Bernthal Vera Farmiga Ava DuVernay Drama
Luke Cormican,Wesley Kimmel,Spencer Howell,Hunter Dillon,Animation Comedy Family,diary of a wimpy kid christmas: cabin fever,Wesley Kimmel Spencer Howell Hunter Dillon Luke Cormican Animation Comedy Family
Bill Oliver,Luke Evans,Billy Porter,Christopher Woodley,Drama,our son,Luke Evans Billy Porter Christopher Woodley Bill Oliver Drama
Darren Lynn Bousman,Jeremy Irons,Samer Ismail,Elham Ali,Drama,the cello,Jeremy Irons Samer Ismail Elham Ali Darren Lynn Bousman Drama
Darin Scott,Darin Scott,Nora Dale,Karina Lombard,Comedy Thriller,the oath,Darin Scott Nora Dale Karina Lombard Darin Scott Comedy Thriller
"Matt Burnett, Ben Levin",Philip Solomon,Noël Wells,H. Michael Croner,Animation Family TV Movie Adventure Comedy Fantasy,craig before the creek,"Philip Solomon Noël Wells H. Michael Croner Matt Burnett, Ben Levin Animation Family TV Movie Adventure Comedy Fantasy"
Paul King,Timothée Chalamet,Calah Lane,Keegan-Michael Key,Comedy Family Fantasy,wonka,Timothée Chalamet Calah Lane Keegan-Michael Key Paul King Comedy Family Fantasy
Sam Fell,Thandiwe Newton,Zachary Levi,Bella Ramsey,Family Animation Adventure Comedy,chicken run: dawn of the nugget,Thandiwe Newton Zachary Levi Bella Ramsey Sam Fell Family Animation Adventure Comedy
Zack Snyder,Sofia Boutella,Charlie Hunnam,Michiel Huisman,Science Fiction Action Drama,rebel moon,Sofia Boutella Charlie Hunnam Michiel Huisman Zack Snyder Science Fiction Action Drama
Cord Jefferson,Jeffrey Wright,Tracee Ellis Ross,Issa Rae,Comedy Drama,american fiction,Jeffrey Wright Tracee Ellis Ross Issa Rae Cord Jefferson Comedy Drama
Simon Cellan Jones,Mark Wahlberg,Michelle Monaghan,Saïd Taghmaoui,Action Comedy,the family plan,Mark Wahlberg Michelle Monaghan Saïd Taghmaoui Simon Cellan Jones Action Comedy
Brian Helgeland,Ben Foster,Toby Wallace,Jenna Ortega,Crime Drama Thriller,finestkind,Ben Foster Toby Wallace Jenna Ortega Brian Helgeland Crime Drama Thriller
Jonathan Glazer,Christian Friedel,Sandra Hüller,unknown,History Drama,the zone of interest,Christian Friedel Sandra Hüller unknown Jonathan Glazer History Drama
Èric Boadella,Robert DeCesare,Kathryn Schott,Taylor Nichols,Drama Thriller,city of love,Robert DeCesare Kathryn Schott Taylor Nichols Èric Boadella Drama Thriller
James Wan,Jason Momoa,Patrick Wilson,Amber Heard,Action Adventure Fantasy,aquaman and the lost kingdom,Jason Momoa Patrick Wilson Amber Heard James Wan Action Adventure Fantasy
Benjamin Renner,Kumail Nanjiani,Elizabeth Banks,Awkwafina,Animation Action Adventure Comedy Family,migration,Kumail Nanjiani Elizabeth Banks Awkwafina Benjamin Renner Animation Action Adventure Comedy Family
Will Gluck,Sydney Sweeney,Glen Powell,Alexandra Shipp,Romance Comedy,anyone but you,Sydney Sweeney Glen Powell Alexandra Shipp Will Gluck Romance Comedy
Sean Durkin,Zac Efron,Jeremy Allen White,Harris Dickinson,Drama History,the iron claw,Zac Efron Jeremy Allen White Harris Dickinson Sean Durkin Drama History
Matthew Brown,Anthony Hopkins,Matthew Goode,Liv Lisa Fries,Drama,freud's last session,Anthony Hopkins Matthew Goode Liv Lisa Fries Matthew Brown Drama
Michel Franco,Jessica Chastain,Peter Sarsgaard,Merritt Wever,Action Thriller Crime,memory,Jessica Chastain Peter Sarsgaard Merritt Wever Michel Franco Action Thriller Crime
Blitz Bazawule,Fantasia Barrino,Taraji P. Henson,Danielle Brooks,Drama,the color purple,Fantasia Barrino Taraji P. Henson Danielle Brooks Blitz Bazawule Drama
George Clooney,Callum Turner,Joel Edgerton,Peter Guinness,Drama History,the boys in the boat,Callum Turner Joel Edgerton Peter Guinness George Clooney Drama History
Michael Mann,Adam Driver,Penelope Cruz,Shailene Woodley,History Drama,ferrari,Adam Driver Penelope Cruz Shailene Woodley Michael Mann History Drama
Dan Levy,Dan Levy,Ruth Negga,Himesh Patel,Comedy Drama,good grief,Dan Levy Ruth Negga Himesh Patel Dan Levy Comedy Drama
